{
    "accuracy": 0.999350924388394,
    "precision": 0.9999968810786478,
    "recall": 0.9993527212202503,
    "f1_score": 0.9996746973802226,
    "auc": 0.9997232556343079,
    "inference_time_ms": 62.85640600006445,
    "confusion_matrix": [
        [
            3909,
            6
        ],
        [
            1246,
            1923736
        ]
    ],
    "classification_report": {
        "0": {
            "precision": 0.7582929194956353,
            "recall": 0.9984674329501916,
            "f1-score": 0.8619625137816979,
            "support": 3915.0
        },
        "1": {
            "precision": 0.9999968810786478,
            "recall": 0.9993527212202503,
            "f1-score": 0.9996746973802226,
            "support": 1924982.0
        },
        "accuracy": 0.999350924388394,
        "macro avg": {
            "precision": 0.8791449002871415,
            "recall": 0.998910077085221,
            "f1-score": 0.9308186055809602,
            "support": 1928897.0
        },
        "weighted avg": {
            "precision": 0.999506304853169,
            "recall": 0.999350924388394,
            "f1-score": 0.9993951888327013,
            "support": 1928897.0
        }
    }
}