{
    "accuracy": 0.9991611786425092,
    "precision": 0.9999968804851469,
    "recall": 0.9991625895722661,
    "f1_score": 0.9995795609452135,
    "auc": 0.9997232556343079,
    "inference_time_ms": 62.39204900004552,
    "confusion_matrix": [
        [
            3909,
            6
        ],
        [
            1612,
            1923370
        ]
    ],
    "classification_report": {
        "0": {
            "precision": 0.7080239087121898,
            "recall": 0.9984674329501916,
            "f1-score": 0.8285290377278508,
            "support": 3915.0
        },
        "1": {
            "precision": 0.9999968804851469,
            "recall": 0.9991625895722661,
            "f1-score": 0.9995795609452135,
            "support": 1924982.0
        },
        "accuracy": 0.9991611786425092,
        "macro avg": {
            "precision": 0.8540103945986683,
            "recall": 0.9988150112612288,
            "f1-score": 0.9140542993365322,
            "support": 1928897.0
        },
        "weighted avg": {
            "precision": 0.9994042753929666,
            "recall": 0.9991611786425092,
            "f1-score": 0.9992323869911891,
            "support": 1928897.0
        }
    }
}