{
    "accuracy": 0.9989963175846093,
    "precision": 0.9999968799692989,
    "recall": 0.9989973932223782,
    "f1_score": 0.9994968867267492,
    "auc": 0.9997173547744751,
    "inference_time_ms": 65.17902100080391,
    "confusion_matrix": [
        [
            3909,
            6
        ],
        [
            1930,
            1923052
        ]
    ],
    "classification_report": {
        "0": {
            "precision": 0.6694639493063881,
            "recall": 0.9984674329501916,
            "f1-score": 0.8015173262251384,
            "support": 3915.0
        },
        "1": {
            "precision": 0.9999968799692989,
            "recall": 0.9989973932223782,
            "f1-score": 0.9994968867267492,
            "support": 1924982.0
        },
        "accuracy": 0.9989963175846093,
        "macro avg": {
            "precision": 0.8347304146378435,
            "recall": 0.9987324130862849,
            "f1-score": 0.9005071064759438,
            "support": 1928897.0
        },
        "weighted avg": {
            "precision": 0.999326011372611,
            "recall": 0.9989963175846093,
            "f1-score": 0.9990950560539016,
            "support": 1928897.0
        }
    }
}