{
    "accuracy": 0.9992047268464828,
    "precision": 0.9999979204099287,
    "recall": 0.9992051873731806,
    "f1_score": 0.9996013967225145,
    "auc": 0.9997304081916809,
    "inference_time_ms": 59.30197900146595,
    "confusion_matrix": [
        [
            3911,
            4
        ],
        [
            1530,
            1923452
        ]
    ],
    "classification_report": {
        "0": {
            "precision": 0.7188016908656497,
            "recall": 0.998978288633461,
            "f1-score": 0.8360410431808465,
            "support": 3915.0
        },
        "1": {
            "precision": 0.9999979204099287,
            "recall": 0.9992051873731806,
            "f1-score": 0.9996013967225145,
            "support": 1924982.0
        },
        "accuracy": 0.9992047268464828,
        "macro avg": {
            "precision": 0.8593998056377892,
            "recall": 0.9990917380033209,
            "f1-score": 0.9178212199516804,
            "support": 1928897.0
        },
        "weighted avg": {
            "precision": 0.9994271884119703,
            "recall": 0.9992047268464828,
            "f1-score": 0.9992694252465282,
            "support": 1928897.0
        }
    }
}